[{"user_name": "iamme", "contact": "textplease", "type": "AppUser", "user_role": null, "user_id": null}, {"user_name": "iamametoo", "contact": "callme", "type": "AdminUser", "user_role": "unknown", "user_id": -1}, {"user_name": "iamme", "contact": "textplease", "type": "FullUser", "user_role": "Operator", "user_id": 6}, {"user_name": "iamametoo", "contact": "callme", "type": "FullUser", "user_role": "Operator", "user_id": 7}, {"user_name": "me", "contact": "seeme", "type": "FullUser", "user_role": "Admin", "user_id": 5}]